<manifest><control namespace="CustomFont" constructor="CustomFontControl" version="0.0.1" display-name-key="CustomFontControl_Display_Key" description-key="CustomFontControl_Desc_Key" control-type="standard" api-version="1.3.18"><external-service-usage enabled="false" /><property name="Text" display-name-key="Text_Display_Key" description-key="Text_Desc_Key" of-type="SingleLine.Text" usage="bound" required="true" /><property name="FontFamily" display-name-key="FontFamily_Display_Key" description-key="FontFamily_Desc_Key" of-type="SingleLine.Text" usage="bound" required="true" /><property name="FontProvider" display-name-key="FontProvider_Display_Key" description-key="FontProvider_Desc_Key" of-type="SingleLine.Text" usage="bound" required="false" /><property name="CDNUrl" display-name-key="CDNUrl_Display_Key" description-key="CDNUrl_Desc_Key" of-type="SingleLine.Text" usage="bound" required="false" /><property name="FontSize" display-name-key="FontSize_Display_Key" description-key="FontSize_Desc_Key" of-type="Whole.None" usage="bound" required="false" /><property name="FontWeight" display-name-key="FontWeight_Display_Key" description-key="FontWeight_Desc_Key" of-type="SingleLine.Text" usage="bound" required="false" /><property name="TextAlign" display-name-key="TextAlign_Display_Key" description-key="TextAlign_Desc_Key" of-type="SingleLine.Text" usage="bound" required="false" /><property name="TextColor" display-name-key="TextColor_Display_Key" description-key="TextColor_Desc_Key" of-type="SingleLine.Text" usage="bound" required="false" /><resources><code path="bundle.js" order="1" /><resx path="strings/strings.1033.resx" version="1.0.0.0" /></resources><feature-usage /><built-by name="pac" version="1.46.1" /></control></manifest>